gene	AAACCTGCAAACTGTC	AAACCTGCAAGGGTCA	AAACCTGCAAGTAATG	AAACCTGCACATAACC	AAACCTGCAGACGCCT	AAACCTGCAGGGTTAG
SAMD11	0.0	0.0	0.0	0.650372422412357	0.0	0.0
HES4	0.8991500590870899	1.29464731017615	0.0	0.0	0.0	0.0
ISG15	0.547402503338385	0.8436573557976641	0.0	0.0	0.0	0.0
MXRA8	0.0	0.0	0.0	1.32142593400253	0.0	0.0
AURKAIP1	0.547402503338385	0.0	0.9742624264121931	0.0	0.0	0.0
MRPL20	0.0	0.0	0.0	1.04116278696609	0.8413988075460441	0.0
VWA1	0.0	0.0	0.0	0.0	0.0	0.0
SSU72	0.547402503338385	0.8436573557976641	0.601364210614139	0.0	0.0	0.0
MMP23B	0.547402503338385	1.29464731017615	0.0	2.3187087574804304	1.60116946017492	0.0
GNB1	0.0	0.8436573557976641	0.0	0.0	0.0	0.0
