cellids	UMAP_1	UMAP_2
AAACCTGCAAACTGTC	7.06880540016026	0.0116787258189682
AAACCTGCAAGGGTCA	2.91641193610731	12.4780424987256
AAACCTGCAAGTAATG	-8.40688064297781	-3.82120279211432
AAACCTGCACATAACC	-0.285530015505773	0.0779805204238256
AAACCTGCAGACGCCT	0.0170389342944996	1.82582556638793
AAACCTGCAGGGTTAG	-4.2536047813593	-7.564987534882361
